{"Angle.deg": [0.0, 80.0], "FL(m)": [0.0, 0.606857426964246], "FlameDepth.m": [0.0, 0.60960741282614], "FlameVel.mps": [0.0, 1.72587042719313], "Intensity.kwm": [0.0, 127.7634766808], "WindSpd.mps": [0.0, 2.8603], "slope.deg": [0.0, 30.0], "width.meters": [0.0, 2.6416], "Distance.m": [0.0, 1.25], "Temp.C": [0.0, 1183.38512199215]}